{
  "project_info": {
    "project_number": "687524632296",
    "project_id": "timidream-f19bd",
    "storage_bucket": "timidream-f19bd.appspot.com"
  },
  "client": [
    {
      "client_info": {
        "mobilesdk_app_id": "1:687524632296:android:63e8dfe907ac11c610db5d",
        "android_client_info": {
          "package_name": "com.example.dank"
        }
      },
      "oauth_client": [
        {
          "client_id": "687524632296-r449bpfeifcf3jn2vaaga8isb5ascdcv.apps.googleusercontent.com",
          "client_type": 3
        }
      ],
      "api_key": [
        {
          "current_key": "AIzaSyBsoYbZS8v2aPfBmBN-_e-zFnzxJCgYZEE"
        }
      ],
      "services": {
        "appinvite_service": {
          "other_platform_oauth_client": [
            {
              "client_id": "687524632296-r449bpfeifcf3jn2vaaga8isb5ascdcv.apps.googleusercontent.com",
              "client_type": 3
            }
          ]
        }
      }
    },
    {
      "client_info": {
        "mobilesdk_app_id": "1:687524632296:android:414600ad60dfc31f10db5d",
        "android_client_info": {
          "package_name": "com.example.temperaturecalculator"
        }
      },
      "oauth_client": [
        {
          "client_id": "687524632296-r449bpfeifcf3jn2vaaga8isb5ascdcv.apps.googleusercontent.com",
          "client_type": 3
        }
      ],
      "api_key": [
        {
          "current_key": "AIzaSyBsoYbZS8v2aPfBmBN-_e-zFnzxJCgYZEE"
        }
      ],
      "services": {
        "appinvite_service": {
          "other_platform_oauth_client": [
            {
              "client_id": "687524632296-r449bpfeifcf3jn2vaaga8isb5ascdcv.apps.googleusercontent.com",
              "client_type": 3
            }
          ]
        }
      }
    },
    {
      "client_info": {
        "mobilesdk_app_id": "1:687524632296:android:d35a9603b8d6393510db5d",
        "android_client_info": {
          "package_name": "com.example.timidream"
        }
      },
      "oauth_client": [
        {
          "client_id": "687524632296-r449bpfeifcf3jn2vaaga8isb5ascdcv.apps.googleusercontent.com",
          "client_type": 3
        }
      ],
      "api_key": [
        {
          "current_key": "AIzaSyBsoYbZS8v2aPfBmBN-_e-zFnzxJCgYZEE"
        }
      ],
      "services": {
        "appinvite_service": {
          "other_platform_oauth_client": [
            {
              "client_id": "687524632296-r449bpfeifcf3jn2vaaga8isb5ascdcv.apps.googleusercontent.com",
              "client_type": 3
            }
          ]
        }
      }
    },
    {
      "client_info": {
        "mobilesdk_app_id": "1:687524632296:android:da21da9caf34f30b10db5d",
        "android_client_info": {
          "package_name": "com.example.timidream_try2"
        }
      },
      "oauth_client": [
        {
          "client_id": "687524632296-r449bpfeifcf3jn2vaaga8isb5ascdcv.apps.googleusercontent.com",
          "client_type": 3
        }
      ],
      "api_key": [
        {
          "current_key": "AIzaSyBsoYbZS8v2aPfBmBN-_e-zFnzxJCgYZEE"
        }
      ],
      "services": {
        "appinvite_service": {
          "other_platform_oauth_client": [
            {
              "client_id": "687524632296-r449bpfeifcf3jn2vaaga8isb5ascdcv.apps.googleusercontent.com",
              "client_type": 3
            }
          ]
        }
      }
    }
  ],
  "configuration_version": "1"
}